,out_degree,out_degree,out_degree,in_degree,in_degree,in_degree,reciprocity,reciprocity,reciprocity,total_sent,total_sent,total_sent,pagerank,pagerank,pagerank,clustering,clustering,clustering,avg_weight,avg_weight,avg_weight
,mean,median,std,mean,median,std,mean,median,std,mean,median,std,mean,median,std,mean,median,std,mean,median,std
is_spammer,,,,,,,,,,,,,,,,,,,,,
0,1.9879416120160778,1.0,4.150835531018041,0.9860376560186165,0.0,16.22163906482608,0.036067430477595905,0.0,0.1469542771073099,4.5290882166278825,1.0,13.725882942139123,2.0921926787025903e-05,1.0523394844177872e-05,0.00022757528131898985,0.0632665360862257,0.0,0.20549247889752506,2.4715756212219904,1.0,8.352354788615761
1,1.041355779685801,1.0,0.45442393084446,0.2702185894792096,0.0,13.014533617759794,0.008154924824715984,0.0,0.08988521277420419,1.0543286715908664,1.0,0.6322265828015566,2.3426195072529184e-05,1.0523394844177872e-05,0.0006274508952446832,0.00015950814058112014,0.0,0.012295178464041538,1.008846130582574,1.0,0.15806483253828565
